review,label, , .1, .2, .3, .4, .5, .6
Harganya naik menjadi 40k krn liburan. Anak2 bisa foto bersama hewan yg ada disana. Spot fotonya juga bagus2. Tapi Harga jajanan nya mahal.,Negatif,, , , , , , 
Tempat wisata keluarga yang cocok juga untuk edukasi anak anak. Tersedia banyak spot foto yang instagramable. Htm 25rb/orang. Protokol kesehatan sangat diperhatikan. Tempat parkir luas,Positif,, , , , , , 
"Tempat ini bagus untuk berlibur bersama keluarga, terutama yang memiliki anak kecil.. Karena temoatbini megajarkan kita untuk mengenal alam secara lebih dekat, ada kelinci, ikan, luak sampai kuda.. Kalo berangkat ke sini saya sarankan lebih pagi, karena terlalu siang bisa jadi harus antri untuk parkir..",Positif,, , , , , , 
"Tempat ini lebih ke mini zoo ya sama spot foto. Lumayan anak saya bisa naik kuda, kasih makan burung, unta,rusa, dan domba. Setelah itu kami foto2. Ada kafe nya juga di dalam kalau misalkan gamau masuk, bisa tunggu di luar maupun di dalam. Sekian, semoga membantu, have fun gaes",Positif,, , , , , , 
"bagus, apik, luas daerah wisatanya, kmdian banyak binatang besar, sperti ular, biawak, kuda, space buat foto2, berada dibawah kaki gunung merapi, kaliurang",Positif, , , , , , , 
"Lokasi di Jogja utara, jalan kaliurang daerah Pakem.
wisata edukasi buat anakÂ² karena ada mini zoo dan wisata selfie krn tempatnya instagramable ğŸ“¸ â€¦",Positif, , , , , , , 
"Tempatnya luas, tiketnya lumayan worth it, banyak tempat bagus untuk berfoto, ada binatang juga yang bisa kita liat, ada tempat jual makanan ringan dan minuman juga. Sayangnya klau kita bawa kamera mirrorless atau DSLR kena cas lumayan 50ribu. Recommended deh tempat ini bagus.",Netral, , , , , , , 
"Suka banget dengan tempat ini, kebetulan kemarin pas kedini keadaan cuaca mendung.",Netral, , , , , , , 
Kebun binatang mini dengan santorini yg memukau. Sesuai dengn harga tiket. Kandang kucingnya aja yg bau. Ada petugas yg standby kalau kita mau foto dengan hewan.,Negatif, , , , , , , 
"Suasana sejuk, banyak satwa yg bisa dilihat. Spot foto sangat menarik dan pemandangan juga indah. Tempat parkir motor dan mobil luas serta tidak jauh dari lokasi wisata. Kamar mandinya tolong diperhatikan lagi kebersihannya. â€¦",Netral, , , , , , , 
"Bagusss bgt tempatnya banyak spot foto yg menarik
Bersih
Koleksi binatangnya lumayan banyak â€¦",Positif, , , , , , , 
"Tempatnya adem pas buat anakanak kecil main, ada banyak binatang dan tempat2 foto yang kekinian ada santorini kw yg banyak dipakai buat foto sampe antri antri, tiket masuk 20rb",Positif, , , , , , , 
Tempaat menurut saya bagus.. buat anak dan keluarga.. bisa kasih makan langsung satwa disana juga cocok buat santai sekedaar ngopi bersama teman dekat atau patner bisnis. Lokasi juga mudah sekali dari jalan raya kaliurang  10 meter.. masuk gang dikit,Netral, , , , , , , 
Tempat wisata yg cocok untuk anak2. Pas kesana weekday tdk terlalu ramai sehingga bisa puas menikmati suasananya. Bisa lihat beberapa hewan secara langsung juga. Semoga bisa ditingkatkan lagi fasilitasnya yaa ğŸ¤— â€¦,Netral, , , , , , , 
"tempat rekomended untuk santau keluarga. hanya saja dikatakan Zoo, lokasi nya lumayan kecil untuk zoo. Bisa dibilang mini zoo. Jd ngga perlu waktu lama untk bermain disini kecuali mau santai2. Ada foto2 bagus seperti di santorini. ada sewaan baju untuk foto2.",Netral, , , , , , , 
"Tempat nya bagus, parkirnya luas, kalau pas ramai yg mau fotoÂ² harus bisa mengkondisikan",Positif, , , , , , , 
"Tempatnya cukup luas, bersih, harga tiket murah yang sudah termasuk untuk berbagai spot didalamnya, terdapat beberapa hewan dan tumbuhan serta berbagai spot foto yang salah satunya paling diminati adalah santorini.",Netral, , , , , , , 
"Agro wisata bhumi merapi salah satu tempat wisata yang cukup baru di Jogja. Lingkungan yang masih asri dan udara yang segar cocok untuk weekend bareng keluarga, pacar, atau pun teman. Di sana para wisatawan bisa berinteraksi dengan binatang â€¦",Positif, , , , , , , 
"Lokasi disekitar jalan kaliurang atas tapi sebelum TPR. Terdapat tempat parkir yang cukup luas. Tempatnya cocok untuk liburan bersama anak2. Di sana bisa melihat dan berinteraksi bersama binatang seperti kelinci, kuda, kambing, domba, â€¦",Netral, , , , , , , 
Salah satu tempat wisata edukasi yang recommended untuk keluarga. Tiket masuk yg sangat terjangkau ditambah dengan fasilitas pendukung yg sangat lengkap. â€¦,Positif, , , , , , , 
"Bisa sampai di tempat ini karena Instagram (thx berat IG) dan benar2 seneng banget, keren banget tempatnya, apalagi kalau Anda berniat datang bareng keluarga/ anak2.. Disini kita bisa mengenalkan anak pada banyak hewan. Tidak hanya menunjuk â€¦",Positif, , , , , , , 
"Ajak anak2 anda ke sini dan gak akan kecewa. Interaksi sama alam dan hewan-hewan sampai puas. Cm catatan untuk pengelola, hewan2 jangan sampai dibiarkan kelaparan ya",Netral, , , , , , , 
"Tempatnya bagus banyak spot foto saya datang hari sabtu tapi jam 4 sore sepi tidak antri saat masuk dan di lokasi juga tidak terlalu ramai, banyak hewan hewanyaa tempatnya bersih bagus âœ¨",Positif, , , , , , , 
"Menurutku ini untuk wisata anaknya lumayan sih ya cuma kaya kurang hidup ya gak sih? atau mungkin belom terbangun semua yaaâ€¦ada hewan2 yang bisa diliat dan menarik untuk bocil2 tapi agak kaya kurang gress gmn gitu mnrtku, ada playground2 â€¦",Negatif, , , , , , , 
"Bagus dan bersih.
Saran saya datengnya sebelum jam 9, biar begitu buka bisa langsung masuk. Karena kalo siang panas banget. Atau sore sekalian sekitar jam 15 sampai tutup.
Banyak spot foto Instagramable.",Netral, , , , , , , 
Tempat cuci tangan tersedia banyak. Lokasinya juga sejuk. HTM : 30k / orang. Cuma agak kesian sm hewan2nya kayak kelaperan gitu. Aquarium kurang terawat.,Negatif, , , , , , , 
"Temptnya cukup rame buat anak2 dan org dewasa, tiket masuk 35/orang. Kalo siang ckup pnas. Harga makanan mengikuti harga di tempat wisata",Netral, , , , , , , 
"Tidak terlalu luas, suasana sepi, tdk ada musik. Pembayaran hanya bisa cash. Seharusnya bisa cashless jg.
Setau saya mushola kecil hanya ada 1 di pojok.",Negatif, , , , , , , 
"Recommended. Bayar htm 30k aja udh bs gratis semua spot foto yg instagramable. Cocok jg buat yg ajak anak2 krn ada satwa2nya. Bisa dpt dua deh, wisata anak oke, dewasa oke. Akses jalannya juga bagus, tdk yg naik turun gunung. Tp emg ga ada view nya gunung merapi",Netral, , , , , , , 
"Sebetulnya agak janggal dan ganjal sama mini zoonya karena aku memang gak suka dengan konsep zoo yang dibuat tanpa persiapan proper apalagi kandangnya kecil. Im just simply don't like and against it. Tapi selain itu, tempatnya bagus, â€¦",Negatif, , , , , , , 
"Jalan menuju lokasi sudah cukup bagus, engga terlalu sempit juga. Cuma penunjuk arah menuju lokasi sepanjang perjalanan yang agak kurang, harusnya bisa ditambah agar memudahkan para pelancong. Apalagi yang dari luar Jogja. Fasilitas umum â€¦",Netral, , , , , , , 
Tempatnya adem banyak pepohonan. Ada banyak hewan-hewan kecil yang disukai anak-anak seperti berbagai jenis varian kelinci. Yang paling favorit banyak dikunjungi wisatawan adalah ular Piton dan burung Kakatua karena menarik untuk difoto. Walaupun hari libur nasional namun antrian masuk tidak begitu panjang.,Positif, , , , , , , 
Terakhir kesini 4 tahun lalu dan kemarin akhirnya kesini dg para krucils alhamdulillah makin lengkap dan anak2 suka dengan aneka satwa dsitu dan tentunya makin menarik. Ramai karena weekend tp tetep seru karena tempat luas jadi tetap aman lah gk terlalu berjubel hehee,Netral, , , , , , , 
"Bersih.. ya kalo ada bau2 dikit wajar, kan kandang. cocok buat momong bocah. Ada berkuna, mini train dan spot foto bagus",Netral, , , , , , , 
"Tempatnya ok. Untuk makan berat adanya di kuar . 1 tiket harga 30k. Untuk yg spot foto bagus di lalang buana. Petunjuknya agak kurang jelas. Tanya aja ke pegawainya ""yg kayak santorini dimana?"" Karena lumayan jauh dari tempet tiket masuk",Netral, , , , , , , 
"Awalnya tidak sesuai ekspektasi, tp ya lumayan lah tempatnya buat hunting foto yg instagramable, sayang rame bgt tdk d batasi jd kurang nyaman buat hunting foto",Negatif, , , , , , , 
"Tempatnya bagus asri bersih, cocok membawa balita untuk memperkenalkan hewan. Hewan2 juga terawat dgn baik. Tiket masuk terjangkau, parkir luas, banyak spot. Banyak foodtruck juga tidak khawatir kelaparan.",Positif, , , , , , , 
Oke sih.. Wajar kalau kandang hewan agak bau tp overall bersih dan layak dijadikan tempat wisata anak2 dan keluarga,Netral, , , , , , , 
Wisata edukasi yg cocok utk anak2. Hewan2 nya masih sedikit sihh. Dan masih pengembangan. Yg spot foto area2 kayak santorini dll bagus . HTM 25k,Netral, , , , , , , 
"Tempatnya nyaman, waktu pandemi ini nyaman karena tidak terlalu ramai. Ramah anak2 banget, ngasih makan hewan dsb. â€¦",Positif, , , , , , , 
"So funn! Berkunjung pada hari kerja membuat tempat wisata tidak begitu ramai. Harga tiket 30 ribu/orang, sudah termasuk foto-foto dengan berbagai satwa di dalam. Ada tempat penyewaan kostum, penunggangan kuda, musholla, dan restoran. Worth â€¦",Positif, , , , , , , 
"Lumayan buat spot foto, mgkin klu gag ada ""santorini ""kurang rame..",Netral, , , , , , , 
"Tempat wisata kekinian, lucu, tapi panas banget hahaha mesti bawa payumg n topi
Banyak spot buat foto2",Netral, , , , , , , 
"Lumayan sih ada minizoo, tp malah kasihan klo binatangÂ² itu dikurung di tempat kecil ğŸ¥º, pengunjung dilarang bawa makanan dan minuman dr luar, tp mestinya diimbangi tersedianya minuman segar ya, td hampir jam 12 stand minuman tidak ada es.nya â€¦",Negatif, , , , , , , 
"tempat nya bagus..cuma jalanan masuk nya ga bagus,yang bawa stroler susah untuk dorong krn jalanan ga rata..kalau bisa di ratakan saja ..kalau ada anak anak berlari bisa jatuh kesandung..",Negatif, , , , , , , 
"Asri, tertata, bersih, bisa untuk refreshing keluarga, kalau siang cukup panas meskipun dekat gunung merapi
Bisa mencicipi rasanya berkuda. Ada spot foto juga dengan tiket tambahan tentunya",Netral, , , , , , , 
"Kalau kesini datang weekday saja, tidak terlalu ramai, jadi bisa dapat spot foto banyak, tempat ok, nyaman, tapi kalau terlalu ramai sepertinya kurang nyaman",Netral, , , , , , , 
"Harga tiket 30.000 per orang

area tidak begitu luas â€¦",Negatif, , , , , , , 
"Pertama kali kesini, tempatnya keren bersih, terawat, meskipun sepertinya masih ada renovasi sedikit. Htm 20.000 sangat murah untuk tempat yg luass",Netral, , , , , , , 
"Wisata dalam kota tapi menyenangkan tak perlu keluar kota,  HTM nya pun worth it dg wahana yg ada disana. Paling suka ada taman hewan, terutama kelinci lepas, anak bisa happy main dg kelinci, sedikit saran untuk kelinci lepas, area kotor â€¦",Negatif, , , , , , , 
"Untuk spot fotonya cukup menarik, cuma beberapa kandang hewan terlihat kurang terawat, mungkin maintenance perlu ditingkatkan. Untuk stroller atau kursi roda butuh effort, kurang cocok ya untuk explore disini..semoga makin baik ke depannya..",Negatif, , , , , , , 
Tempatnya Luas cocok untuk anak anak kecil untuk mengenalkan pada binatang. untuk tempat makanya tapi kurang lengkap.,Netral, , , , , , , 
"2 kata Worth it. Tiket masuk 35 sangat lah worth it cuy hewan nya beneran beragam sekali bahkan ada kura kura yang lumayan langka serta ada komodo burung unta. Amazing cuy, cuman sayang kandangnya ada yang baunya agak kurang terutama yang â€¦",Netral, , , , , , , 
"Oke sih buat foto-foto, tapi emang panas aja tempatnya",Negatif, , , , , , , 
Harga tiket 35k. Tempatnya tidak terlalu luas dan agak sepi bahkan saat weekend. Mungkin karena lokasi jauh dari pusat kota. Banyak spot foto yang bagus ( santorini dll) ada mini zoo juga. Disini kita bisa berinteraksi dengan hewan tanpa â€¦,Negatif, , , , , , , 
"Wakakakakak...
Kemaren (020519) pertama kali saya berkunjung ketempat ini, dan saya kebablasen sampai parkiran Bus, karena gak ada tanda pintu masuk dan parkiran motornya... â€¦",Negatif, , , , , , , 
Tiket 30.000 per orang si dua spot. Yaitu agrowisata binatang dan spot foto santorini. Menurut ku 30k agak kemahalan untuk tempat yang kecil gitu. Kalo buat anak kecil si worth it karena bisa ngasih makan hewan. Tapi kalo buat aku kurang â€¦,Negatif, , , , , , , 
"Menarik untuk wisata edukasi anak, tempatnya bersih gak bau, binatangnya ramah, walaupun agak sedikit mahal tiket masuknya. Plus sayang pegawai di kantinnya kurang cekatan. Banyak meja orang selesai makan gak diberesin, pelayanannya kurang cepet. Lebih banyak ngobrol sama becandanya. Overal, menarik buat ajak anak kecil kesana.",Negatif, , , , , , , 
"Tempat untuk mengenalkan hewan keseharian kepada anak. Karena bs dipegang. Untuk tempat cukup, tidak begitu luas. Better pagi, atau after jam 3, biar gak terlalu terik pas mau kesini.",Netral, , , , , , , 
"Tempatnya sedikit kurang terawat. Ada minizoo, pelayanan ramah banget, tempat parkir luas, datang ke sini pas liburan tdk terlalu ramai. Bagian paling dalam lokasi di desain ala2 eropa ssntorini, bagus banget buat foto2. Overall, moga utk lbh dirapikan lg tempatnya hingga pengunjung bs lbh puas menikmati suasana tempat wisatanya.",Negatif, , , , , , , 
"Tempatnya bersih, luas. Spot foto lucu2, instagram able, to kalo siang panas bet. Wqwq ada perkebunan, kasih makan rusa, domba. Eh domba pa kambing ya? Trus ada restoran juga tp ga nyoba krn takit mahal ğŸ˜‚ğŸ˜‚ğŸ˜‚ poto2 aja ciin â€¦",Netral, , , , , , , 
"Spot wisata yang menawarkan spot foto dan kebun binatang mini. Koleksi binatangnya tidak banyak tapi cukup unik2. Yang ok, anak2 bisa berinteraksi langsung dengan hewan2 yg ada. Terdapat spot2 foto yg ""ala2"" luar negeri: ada santorini, â€¦",Positif, , , , , , , 
Disini ada mini zoo juga cuman kurang rame pengenjung aja. Tapi untuk berwisata disini bagus bangettt,Netral, , , , , , , 
"Ada gazebonya,cuma agak bau di area kucing sama burung onta. Tapi anak anak suka lah main di sini,minizoo tapi keren",Negatif, , , , , , , 
"Tiket parkir tertulis 3k, tapi di karcis 5k dengan alasan wiken..
Tiket masuk nya terlalu mahal dengan apa yg ada di dalam -_-",Negatif, , , , , , , 
"Di depan sih ga begitu eyecatching ya, tapi pas masuk gate untuk ke spot2 santorini dll tuh emang bagus beeeet beettt. Kalo kalian gakuat sm cuaca panas terik, better ke lokasinya jam 3 ke atas deh, kalo jam2 matahari di atas kepala bgt â€¦",Netral, , , , , , , 
"Spot fotonya bagus2 tapi kurang banyak, cocok buat keluarga ğŸ‘ â€¦",Netral, , , , , , , 
"Tempatnya enak sih buat momong bocah
AnakÂ² senang , parkiran jg enak banyak pohonya,,
HewanÂ² nya kurang banyakkkk hehe namanya juga mini zoo.. udh 2x kesini, dulu â€¦",Netral, , , , , , , 
"Kali kedua datang kesini, setelah yg pertama sekitar tahun 2018/2019. Tidak banyak kemajuan dibanding saat pertama berkunjung, selain adanya tambahan spot foto selfie terbaru. Dulu waktu masuk sini masih dapat voicher yang dapat ditukarkan â€¦",Netral, , , , , , , 
"mbak2 yg dipersewaan baju ,cuek banget ga mau bantu pilih atau pasang

klo pengunjung ga nanya bakalan diam trsğŸ¥´ğŸ¥´ â€¦",Negatif, , , , , , , 
"Mini zoo yang compact dan ada kombinasi spot foto ala2 mancanegaranya. Hewan tidak terlalu banyak tapi terawat dengan baik. Bisa kasi makan domba, rusa dan burung unta. Untuk hewan lain tidak diperkanankan. Tiket masuk aku pas weekday â€¦",Positif, , , , , , , 
"Lokasi wisata yang bertemakan hewan dan pedesaan sangat cocok untuk edukasi kepada anak anak tentang hewan, dari semua lokasi paling suka dengan kelinci yang bisa langsung pegang dan bermain bersama. Tempat bersih fasilitas lengkap, seperti nya ada spot untuk ngopi dan mengobrol dengan santai juga.",Positif, , , , , , , 
"Harga tiket masuk 35.000, parkir 5000, saya kesitu hari senin jadi agak sepi tempatnya, hewannya bermacam macam, ada rusa, kakaktua, kelinci, babi pun ada disini. Buat Santorininya bagus lah buat foto2 sama buat story instagram",Positif, , , , , , , 
"Tiket masuk terjangkau dengan wahana yang ada, ada banyak spot foto yang aethetic dan instagramable.. cocok untuk mengajak anak-anak liburan, ataupun siapa saja yang suka berfoto ria.. jangan khawatir takut kehausan, karna banyak penjual makanan jd bisa mmbelii makan dan minuman.",Positif, , , , , , , 
"Bagus buat photo shoot dan bagi ibu2 yg punya anak kecil harus diajak kesini utk memperkenalkan alam dan fauna sejak dini
Recomended",Positif, , , , , , , 
"Tempatnya asik, bersih, nyaman buat holiday bareng keluarga. Kmrn kesini tgl 28 juni ga terlalu ramai. Tiket masuknya 35rb/org. Anak 3 thn kebawah sepertinya gratis. Koleksi satwanya juga lumayan lengkap. Spot fotonya cantik2.Di dalam â€¦",Positif, , , , , , , 
"Cuaca sejuk, walaupun macam hewan terbatas tapi udah bagus bgt ..anak2nya dapet hiburan binatang2, dewasanya foto2 cangtip. Resto di dalam area nya pun menu2nya proper utk keluarga, anak >1th",Positif, , , , , , , 
"tempat wisata keluarga
anak anak bisa berinteraksi langsung dengan hewan seperti kelinci yang dibiarkan bebas, memberi susu ke domba, naik kuda â€¦",Positif, , , , , , , 
"Lumayan bagus tempatnya, hari ini bukan weekend jadi lagi sepi
Ada banyak jenis kelinci, kambing, kuda, ular, kura2, iguana dan binatang unggas. â€¦",Positif, , , , , , , 
"Banyak satwa dan banyak teman buat hunt foto, kalian bisa menemukan juga resto buat makan ketika lapar, sangat tidak disarankan saat weekend, dimana semuanya akan ramai dan kalian gak bisa foto sesuka hati, untuk parkiran luas, dan bisa di â€¦",Netral, , , , , , , 
"Cukup bagus ğŸ‘ğŸ‘ tersedia juga fasilitas untuk saudara-saudara kita yang difabel dan cukup nyaman dan ramah untuk mengelilingi area agro wisata bhumi merapi bagi saudara-saudara kita yang difabel, kedepannya semoga lebih bagus lagi mungkin kalau lebih banyak pohon lebih bagus ğŸ‘ğŸ‘Œ â€¦",Netral, , , , , , , 
"Salah satu tmpt agro wisata di Kaliurang, di sini kita bs menikmati mini zoo, agro wisata, ber swa foto di berbagai tmpt terkenal di dunia di wahana lang lang dunia dll. Tmptnya menarik dan luas. HTM murah cm 30K utk weekday & 35K utk weekend.",Netral, , , , , , , 
"konsep nya bagus
cocok untuk keluarga
tidak hanya menyediakan tempat foto untuk para orang tua â€¦",Positif, , , , , , , 
Tempat wisatanya lumayan bagus.,Netral, , , , , , , 
"destinasi keluarga di kawasan merapi. terdapst berbagai jenis hewan yg dapat langsung berinteraksi. mau naik kuda ada, memberi makan jg bs.",Positif, , , , , , , 
Wahana wisata yang sangat ramah anak dengan pelayanan yang ramah juga. Ada banyak tempat foto dan binatang binatang menarik.,Positif, , , , , , , 
"Datang pas hari Jum'at ternyata rame juga,walaupun tempat wisatanya baru 80% tingkat jadinya. Masih ada pembangunan dibeberapa spot. Tiket masuk 20rb dapat susu satu cup kecil. Lalu untuk masuk wahana lain akan dikenakan biaya tambahan lagi â€¦",Negatif, , , , , , , 
"Objek wisata yang menarik.
Merasakan suasana peternakan kambing, kelinci, serta terdapat berbagai macam hewan. Bisa dijadikan alternatif wisata kebun binatang. Bisa memberi makan hewan â€¦",Positif, , , , , , , 
"Tempatnya rindang, adem, ada binatang yang cocok dilihat anak-anak, spot fotonya bagus-bagus. Recommended",Positif, , , , , , , 
"Tempatnya bagus, naik kuda 20.000.pengen naik kuda tp tempat beli tiketnya agak jauh dr arena kudanya.bnyk spot foto yg bagusÂ², bisa foto dgn binatang. Datang hari ke 4 lebaran pas cuaca grimis jd ga bisa estetik buat foto pake payung.",Negatif, , , , , , , 
"Tempat sepi, dan di dalemnya juga kurang menarik. Sepertinya harus dibuat sesuatu yg lebih menarik agar pengunjung lebih ramai yg datang ğŸ™ğŸ» â€¦",Negatif, , , , , , , 
"Tempat nya cukup jauh dari pusat kota jogja, namun mudah di akses, ada plang nya besar di pinggir jalan, udara disana sejuk, untuk tiket masuk standar ya, banyak spot foto di dalam, ada mini eropa, termasuk santorini yang cukup unik, ada â€¦",Netral, , , , , , , 
"Pertama kali berkunjung k tempat ini,trnyata bagus sekali.areanya bersih dn sngt instagrammable.bnyk spot2 foto yg bgus dan di dlm lokasi ad cafe shingga pengunjung tdk perlu tkut kelaparan.family n children friendly  krn ad bbrp koleksi hewan2",Positif, , , , , , , 
"Untuk family pasti seru banget sih ini, ada mini zoo, banyak spot foto yg aesthetic, toilet bersih. Pemandangan bagus. Worth it.",Positif, , , , , , , 
"Argo wisata bhumi merapi adalah salah satu destinasi yang wajib di kunjungi
Suasana sejuk
Pemandangan indah â€¦",Positif, , , , , , , 
"Tempatnya kids friendly... ada mini zoo nya, ada area foto2nya... tiket masuk 30rb... tapi kalo anak2 mau naik kuda bayar 20rb, naik kereta bayar 15rb... puas sih ksini... cuma pas siang2 panas pollğŸ¤­ â€¦",Netral, , , , , , , 
"Untuk wisata ini tidak sebanding dengan apa yang disuguhkan , hiburan maupun binatang yang ada cukup sedikit.
Konsep wisata disini tidak jelas arahnya , mau mini zoo atau tempat foto2 .",Negatif, , , , , , , 
"Tempatnya luas. Wahana tentang binatang juga cukup. Ada ikan, kambing, kuda, rusa, reptil,dan kelinci. Di sana juga ada taman hidroponik meskipun tidak terlalu luas. Ada juga kegiatan menanam dan outbond. Parkir luas. Bisa pesan makanan di â€¦",Positif, , , , , , , 
Tempatnya cukup seru.. Tapi Untuk area yg ada kucing baunya ga nahan banget.. Mungkin bisa lebih ditingkatkan lagi kebersihannya..,Negatif, , , , , , , 
"Tempatnya luas dan rindang.cuma minusnya ada bbrp kandang yg kecil dan tdk masuk udara, dan ada bbrp kandang yg sempit dan kna panas.jujur sebgai penyuka dan peconta binatang jdi sedih lihtnya.tolong donk jdi perhatian owner dan pengurus.mksih",Negatif, , , , , , , 
"tempatnya sih lumayan bagus, mudah dijangkau, ada area dengan banyak hewan, area rumah hobbit, dan ada area foto-foto dengan suasana seperti di eropa..
sayang kalau mau masuk dengan kamera  DSLR ataupun Mirrorless / digital kamera â€¦",Negatif, , , , , , , 
"Tempat asik buat piknik, anak-anak dijamin seneng, bisa berinteraksi langsung sama binatang kesayangan yg sudah jinak, tiket masuk 30rb kebetulan pas Minggu, kurang tau weekend & weekday sama atau nggak harga tiketnya, tempatnya juga sejuk, banyak pohonnya...worth it lah âœŒï¸ğŸ˜ â€¦",Positif, , , , , , , 
"Masuknya 25 rb, bagi aku sih yang dewasa sedikit kurang ya, mungkin apa belom jadi semua, tapi buat bawa anak2 kecil okelah karena ada binatangnya, cuma penataan agak kurang asik aja apalagi yg ditengah ada kudanya harusnya lebih dikasih â€¦",Negatif, , , , , , , 
wisata nya bagus banyak spot foto Dan zoo nya tapi kurang terawat,Negatif, , , , , , , 
"Tempatnya ternyata cukup luas, yang msih kurang binatang untuk interaksi dengan anak2, jika lebih banyak sepertinya akan lebih seru. Mungkin yang domba bisa kasih makan langsung dalam kandang akan lbh menyenangkan lagi, kelinci yang dilepaskan ditambah.",Negatif, , , , , , , 
"Tempat wisata yang asiiik, HTM 30k per org, diawal ada minizoo, kita bisa melihat dan berinteraksi langsung dengan binatang yg lucu dan imut. Disini jg banyak spot foto yang menarik, unik dan isnstagramable ğŸ‘ğŸ˜€ â€¦",Positif, , , , , , , 
"fasilitas ada untuk outbond dewasa / anak2, bisa selusur sungai dan ke sumber mata air kali kuning, ada area flora & fauna, untuk fauna pengunjung bisa berinteraksi dengan hewan2 yg sudah jinak, ada kelinci,kambing,sapi perah,luwak, â€¦",Positif, , , , , , , 
Tempat wisata yang ramah buat anak2 karena banyak binatang2 yang bisa diberi makanan dan juga tempat spot foto2 seperti di Alpen dan Santorini,Positif, , , , , , , 
"Tempatnya cocok banget buat yang pengen ngisi content, sebenernya kids friendly karena ada mini farmnya. Tapi kalo emang niat buat foto-foto doang better ga ajak anak kecil karena pasti terlalu asik buat foto-foto dan anak kecilnya jadi â€¦",Netral, , , , , , , 
"ğŸ‹luas lahannya, cuma bangunannya kasar.. Htm 20.000 tidak sesuai dengan loket masuk, yang katanya sudah semua, ternyata masuk wahana selfy harus bayar lagi..10.000..tidak apa-apa sih, cuma jangan beri penerangan yang menjebak.. Rekomendasi â€¦",Negatif, , , , , , , 
"tempat fotonya bagus, seperti diluar negeri",Positif, , , , , , , 
"tempat yang menyenangkan, edukatif, dan banyak spot selfi, tiket masuk sekitar 30rb an. saat tgl merah biasanya ramai. naik kuda 12rb an, ada hewan bebek, kambing, rusa, dan burung merpati, ada kantin, dan arena main anak, ayunan dan prosotan",Positif, , , , , , , 
"Tempat yang bagus untuk anak-anak berkenalan dengan hewan-hewan. Disana terdapat kelinci, ular, kura-kura, kambing, kuda dan beberapa satwa lainnya.
Kita dapat juga naik kuda maupun menyusui kambing dengan membeli tiket terlebih â€¦",Positif, , , , , , , 
"Bagus tempatnya, bersih rapi gak bau (kecuali kandang kambing). Tempatnya terawat, biaya masuk juga murah dengan fasilitas yang kita dapatkan.
Mushala ada, orangnya ramah kalo ditanyain.
Rekomended buat yang jalan keluarga.",Positif, , , , , , , 
"Lokasinya luas, protokol kesehatan diterapkan, tiket masuk 25rb, aneka satwa spt kelinci, burung dara,rusa,ular, reptil dll.cocok untuk klg dg ank kecil, bisa memberi mkn burung, rusa harga 5rb & naik kuda tarif 20rb, kemudian resto,musholla & toilet ada didlm lokasi & diluar area,trus ada tempat Selfi yg ala Santorini.",Netral, , , , , , , 
"Tempat wisata yg adem & ramah anak. Terakhir kesana ada beberapa tambahan spot baru, seperti balon udara.",Positif, , , , , , , 
"Cocok untuk tempat wisata bersama keluarga, bisa interaksi dengan satwa. Ada banyak spot fotonya juga...  Mungkin binatangnya aja perlu dibanyakin lagi biar lebih seru...",Positif, , , , , , , 
"Kids friendly, banyak binatang dan spot foto, makanan utk binatang dijatah jadi kalo tmptnya rame n makanannya udah abis mereka ga restocking, htm @30k, hati2 klincinya kalo masih laper masih gigit",Positif, , , , , , , 
"Tiket cuma 30rb

Worth it! Ramah stroller. Cuma pas bagian santirini aja gabisa masuk stroller â€¦",Negatif, , , , , , , 
"Tiket masuk 30.000 per orang, parkir motor 5000
Tempatnya asik, banyak spot foto instagramable. Cocok utk wisata keluarga",Positif, , , , , , , 
"Htm 35k worth it bangeeett main kesini!! Walaupun dateng pas weekend tp sepi, jd bisa puas foto2 di bagian santorini, UK, morocco, viennağŸ˜‚ hewan2nya juga lumayan banyak & interaktif bisa dikasih makan kangkung & jagung. â€¦",Positif, , , , , , , 
"Bagus, tempatnya Baby friendly, aksesnya dari satu wahana ke wahana lainnya ada untun stroler bayi, lokasi ini cocok untuk keluarga. Membawa balita, batita, ataupun baby. Cuma pilihan makanannya sedikit. Dan hewannya masih sedikit. Sisanya, â€¦",Negatif, , , , , , , 
"Tempat terbaik untuk membawa anak anak bermain dan belajar.. Konsep outdoor cocok untuk pandemi...htm 30k..masuk langlang buana spot foto santorini sudah gratis.. Naik kuda 20k..pakan kelinci, rusa, domba, merpati @5k...",Positif, , , , , , , 
"Tempatnya keren, spot foto bagus dan tersedia tempat istirahat yg cukup. Cocok untuk anak2 karena bisa mengenal beberapa jenis binatang dan bisa melakukan aktivitas menunggangi kuda",Positif, , , , , , , 
Sebeneranya hampir bagus semua lokasi di sleman. 12km dekat merapi walau terik anginnya masih sejuk pegunungan.banyak spot foto dan mini zoo.Sayang banget pas ke kandang Kucing ras yang isi cukup banyak ras Bengal dan ada caracal 1 .TAPI â€¦,Netral, , , , , , , 
"tempat yang bagus untuk rekreasi keluarga,, bisa outbond juga,, anak riang orang tua pun senang,, ada mini zoo nya juga,,",Positif, , , , , , , 
"Tepat wisata yang pas banget buat jalan2 sama keluarga, terutama untuk anak kecil disini sangat ramah anak.
Selain tempatnya luas, sejuk, juga terdapat banyak area untuk anak2nbisa bermain â€¦",Positif, , , , , , , 
"Pengen banget kesini gara2 waktu nikah dulu temen dari surabaya duluan ke Bhumi Merapi. Bener aja ga kecewa, tapi pas kesini hujan jadi nambah estetika dalam berswafoto..",Positif, , , , , , , 
"Tempatnya di jakal km 20an, sekitar setengah jam dari kota jogja. Tempatnya gampang dicari, ada plang do pinggir jalannya. Tiket masuk hari minggu kemarin 30k. Didalemnya ada kebun binatang mini, ada tempat foto2 kekinian seperti di Santorini. Tempatnya adem, banyak tempat duduknya. Recommend untuk tempat liburan keluarga.",Positif, , , , , , , 
"Banyak spot foto menarik seperti di luar negeri dan juga mini zoo yang cukup menghibur cocok untuk edukasi buat anak2. Jalan2 disini worth it, rekomendasi kalo mau foto2 di spot seperti di kota luar negeri, jangan saat hari libur / weekend â€¦",Positif, , , , , , , 
"Tempatnya sangat instagramable.. ğŸ‘
Banyak spot foto terbaik n terfavorit disini.. walau tidak terlalu luas namun secara kualitas oke, hanya perlu bersabar menunggu giliran untuk difoto dan harus â€¦",Positif, , , , , , , 
"Biaya masuk 30k per orang
Anak 2th keatas harus bayar full 30k seperti orang dewasa.
Parkir motor 3k â€¦",Negatif, , , , , , , 
"Yang menarik hanya disantorininya
Tempatnya kurang terawat
Tapi harga tiketnya murah",Negatif, , , , , , , 
Salah satu tempat wisata didaerah Kaliurang yg instagramable. Yang belum kesini yook mangga banyak banget spot foto-foto ciamik,Positif, , , , , , , 
"Tempatnya luas, ada mini zoonya juga. Kids friendly. Spot foto banyak",Positif, , , , , , , 
"Mini zoo konsepnya. Atraksi aktvitas dengan kelinci, binatang luwak, kambing, ular, kijang, tangkap ikan ada rumah hobit 2 dan naik kuda, itu saja. Untuk sekedar menghabiskan waktu dengan keluarga cukuplah, untuk anak2 tetap menarik, biaya masuknya juga gak terlalu mahal.",Positif, , , , , , , 
"Tempatnya cukup luas. Anak2 bisa mengeksplorasi bermain bersama binatang2. Tiket masuk 20k, belum termasuk memberi makan/minum binatang. Lebih mirip kebun binatang mini menurut saya. Overall menyenangkan berada di sini. Petugasnya juga â€¦",Netral, , , , , , , 
"Sangat nyaman dan sangat rapih, saya datang karena pas banget baru buka jadi pegawai nya pada siap-siap",Positif, , , , , , , 
Tempatnyaa indahh sekaliii!! Suasananya di melanglang buana khususnya bagus and so beautiful indahhh bangett!! Betahh dehhh pokoknya ada banyak tempat and spot foto yang cantik cantik!!,Positif, , , , , , , 
Tempat cocok untuk wisata anak anak dan di dalem ada spot foto seperti rumah2 di luar negeri (mirip Devoyage Bogor) â€¦,Positif, , , , , , , 
"Bhumi Merapi salah satu destinasi agrowisata yang patut anda kunjungi
Sebelum masuk, disediakan keran cuci tangan lengkap dengan sabun sesuai prokes, disediakan pula alat cek suhu. â€¦",Positif, , , , , , , 
"HTM 35rb tempatnya sejuk, khas kaliurang.. hewannya terbatas sangat sedikit, karena memang yg ditonjolkan tempat wisata ini adalah spot foto2 mancanegaranya",Positif, , , , , , , 
"Tempat wisata bagus dan cocok untuk anak2 .. ada semacam zoo mini n aneka macam binatang di sini mulai burung , kelinci , ular , kura2 dll .. parkir lumayan luas , tiket per orang 30rb agak mahal dikit menurut aku tapi tidak menjadi masalah , yang penting anak suka dan seneng .",Netral, , , , , , , 
"Tempatnya lumayan adem, bagusdan menarik untuk spot fotonya. Tapi pas kesana rame banget jadi susah buat foto2 banyak.
Harga tiket masuknya pun lumayan sih 1 orang sekitar 30k kalo tidak salah. Sudah dari Bulan Desember kesana jadi lupa hehe",Netral, , , , , , , 
"Tempatnya nggak terlalu besar tapi instagramable banget. Tiket masuk 30 rb sesuai dengan yg dadapat. Selain tempat foto ada binatang2 jg.. kucingnya lucu2, anggreknya jg cantik2, cuma untuk tempat wisata mushola terlalu kecil, harus antri karena muatnya dikit.",Netral, , , , , , , 
"Tempatnya bagus untuk foto-foto, disarankan dateng pagi atau sore biar gak terlalu panas. Banyak spot foto yang bisa diexprole.",Positif, , , , , , , 
"Bagus , cocok untuk keluarga nih ,, spot spot fotonya juga bagus kok ,, tiketnya juga terjangkau , untuk parkiran mobil luas bgt,, waktu kesana sih sekitar jam 11an ya jadinya gak ngantri, tapi pas udh masuk emg rame",Positif, , , , , , , 
tempat nya lumayan mengedukasi anak2 dgn hewan2... banyak satwa nya dan fasilitas yg bagus,Positif, , , , , , , 
Lumayan bagus tempatnya. Tiket masuk 30rb/org. Bisa bayar pake debit Bca. Tutup jam 17.30 ya... Banyak spot foto keren,Positif, , , , , , , 
"Cocok dijadikan lokasi wisata keluarga dan membawa anak. Tiket masuk terjangkau, hanya 35 ribu rupiah. Durasi waktu berkeliling sekitar 1 jam. Rute cukup friendly untuk penggunaan kursi roda atau lansia. Lokasi bersih dan terawat. Bisa â€¦",Positif, , , , , , , 
"Tempat ini rekomended banget buat keluarga yang mau rekreasi, bisa belajar banyak di dalam tempat wisata ini. Bisa belajar tentang hewan dan tumbuhan. Ada spot foto keren juga buat yg hunting foto. Pokoknya pelayanan selama pandemi juga tertib",Positif, , , , , , , 
"Rekomended untuk mengajak keluarga terutama anak2. tiket Rp 20.000,- dan bisa tukar dengan susu. Anak bisa memberi makan langsung binatang seperti kambing, kelinci dan kura2. Bisa foto dengan binatang. Memberi susu ke kambing, naik kuda, dan foto di rumah hobbit. Tempatnya lumayan sejuk dan ada tempat membeli olah2.",Positif, , , , , , , 
"Penambahan lahan parkir diperlukan, lagi viral ini, pengunjung membludag, butuh pemangkasan rumput rumput liarnya sih...terutama bagian koleksi binatangnya...saya suka musangnya lucu, halus bulunya, tapi kok diam saja yaa..padahal nafasnya â€¦",Negatif, , , , , , , 
"Menyenangkan free semua  spot photo, parkir luas. Udara sejuk pas kesana pas cerah dapat View Gunung Merapi yang indah",Positif, , , , , , , 
Tempat ini lumayan enak buat wisata keluarga..paling berkesan itu umbaran kelincinya..anakku seneng bgt ngasih makan kelincinya..utk anak muda jg cocok maen kesini..spot fotonya keren2...,Positif, , , , , , , 
Salah satu tempat wisata di Jogja yang lumayan hyped. Tiket masuknya sangat terjangkau hanya 30.000/orang. â€¦,Positif, , , , , , , 
"Rekomendasi tempat berlibur di kawasan Kaliurang, Yogyakarta, cocok untuk keluarga dan mengenalkan anak-anak satwa. Tersedia spot foto yang menarik berupa kota-kota dieropa di arena Lang Lang Buana. Ada juga spot berkuda untuk anak-anak, â€¦",Positif, , , , , , , 
"Tempat rekreasi yang sangat menarik untuk keluarga anda. Terletak di jl. Kaliurang, anda dan keluarga disuguhi banyak spot foto yang menarik ala eropa, menunggang kuda keliling taman serta banyak sekali fauna yang dikoleksi oleh bhumi â€¦",Positif, , , , , , , 
"Tempatnya bagus,sejuk,htm terjangkau,cocok buat yang suka selfie,keren dah pokoknya",Positif, , , , , , , 
"Tempat tdk terlalu besar,permainan untuk anak kurang yah, tempat seperti kurang terawat",Negatif, , , , , , , 
"perjalanan menuju agro wisata bhumi merapi seger karena lokasinya di daerah pakem. tiket masuknya 20rb untuk ke agro wisatanya. konsepnya kaya wisata keluarga gitu, jadi cocok bawa anak-anak kesini. bisa kasih makan kelinci juga disini. kalo mau masuk ke tempat ala-ala yang instagramable nanti bayar lagi. tapi ga mahal kok",Positif, , , , , , , 
"Banyak spot foto htm murah ada mushola juga tapi teroisah dg tempat wisata, di lapangan tepatnya, gak terawat banyak kotoran kelelawar, agar kebih diperhatikan mengingat tempat ibadah 1 1 nya di lokasi tersebut. Parkir luas, ada kantin juga, di bagian hewan2 bau menyengat sekali sepertinya dari burung unta",Negatif, , , , , , , 
"Tempatnya lumayan menarik. Cuman untuk pengunjungnya, ga dibatesin. Dann di dalem, lumayan banyak orang yg pada ngelepas masker. Karena buat foto foto. Mungkin sebaiknya ada petugas yg jaga tiap tempat. Buat ngingetin pengunjungnya buat selalu pake masker. Soalnya mereka habis foto, lepas masker, eh maskernya ga dipake lagi :(",Negatif, , , , , , , 
"Tiket masuk IDR35k, koleksi satwanya sangat sedikit dan wahan yg di dalam pun gitu2 ajaâ€¦ dengan tiket 35k sih menurutku rada kemahalan krn itu hanya tiket masuk nya saja sementara di tempat lain tiket 35k bisa di tuker dengan minuman",Negatif, , , , , , , 
"Kalau mau foto dispot ala Santorini lebih baik saat weekday, saat weekend sangat ramai sekali...
Dulu kelincinya banyak dan dilepas, skrng tinggal sedikit, itupun yg dilepas hanya 1 sampai 2 ekor saja",Negatif, , , , , , , 
"Tempat nya bagus
Tapi kurang arahan jalan / petunjuk arah
Jadi bingung mau jalan ke arah mana â€¦",Negatif, , , , , , , 
"Saya berkunjung bersama keluarga saat weekday. Tempatnya cukup besih, hanya daerah kandang hewan agak bau. Untuk yg bawa anak kecil cocok sekali karena binatangnya juga banyak jenis, terutama ada berang2 yg bisa diajak bermain. Hanya sayang saat weekday yg jual makanan kurang variatif",Negatif, , , , , , , 
"Bagus tempatnya ,, saya kira luas banget tempatnya ğŸ˜ğŸ¤­. Pas kesana sedang banyak pengunjung , jadi ga leluasa fotoÂ² ğŸ˜ â€¦",Negatif, , , , , , , 
Tiket masuknya murah tapi di dalamnya tidak terlalu menarik dan kurang aktivitas anaknya,Negatif, , , , , , , 
"Pengelola parkir nya harus di perbaiki.. Tidak ada loket masuk mobil langsung diminta parkir, parkir juga belum, minat masuk langsung hilang.. Lebih baik sekalian kasih pos parkir info yg jelas tiket berapa, zaman gini masih pakai tiket yg bisa dipakai berkali2.. Mending pilih tempat lain saja..",Negatif, , , , , , , 
"Tempatnya Bagus untuk keluarga terutama anak-anak tapi kalo hujan kesulitan untuk berteduh, tidak disediakan payung bagi pengunjung dan otomatis beberapa satwa tidak dikeluarkan.",Negatif, , , , , , , 
"Area wisata hewan tidak terllau digemari. Untuk area wisata spot foto paling banyak dipergunakan, tapi banyak area spot foto yang tidak dirawat dan bahkan banyak sarang laba-labanya. Bagusnya, tidak ada tambahan biaya untuk semua area yang ada.",Negatif, , , , , , , 
"Ada mini zoo dengan beberapa hewan di kandang.
Cocok buat yang suka foto-foto karena banyak spot yang instagramable.
Tidak boleh membawa makanan dan minuman dari luar, tapi pas saya ke sini, tempat jual makanan cuma ada satu gerai.",Negatif, , , , , , , 
"Lumayan instagramable,,walaupun terbatas spot fotonya dan area fotonya minimalis,,ada beberapa yg perlu perbaikan,,karena beberapa bagian elemen spot fotonya ada yg rusak,,untuk minizoo nya lumayan menarik bagi anak2,,tapi ada beeberapa â€¦",Negatif, , , , , , , 
"Baguuss, cuman hewannya kurang banyak ğŸ¤­ trus kurang bersih dikit, tp baguss buat foto ğŸ‘ â€¦",Negatif, , , , , , , 
"Tempat wisata yg ada mini zoo nya dan tempat foto2, tapi sayang sudah kurang terawat. Pdhl tempat cukup luas. Untuk tiket masuk 30 ribu per orang. Parkir mobil 10 rb.",Negatif, , , , , , , 
"Cocok untuk dijadikan destinasi liburan keluarga dengan anak kecil, ada mini zoo, naik kuda, kereta (untuk kereta kurang begitu recom, karna getaran keretanya sangat terasa, suaranya berisik sekali ğŸ˜„) â€¦",Negatif, , , , , , , 
"Harga tiket lumayan, akses sholat gampang, hewnnya ga terlalu banyak lebih ke mini zoo, bocil bisa interaksi dengan hewan salah satunya kelinci.",Negatif, , , , , , , 
"Di maps buka jam 9, pas dateng jam 9 kurang , katanya bukanya jam setengah 10, pas udah balik lagi ternyata katanya buka jam 10 .. nunggu lagi.",Negatif,, , , , , , 
"Tempat bagus, murah, cukup panas kalau siang",Netral, , , , , , , 
"Biaya masuk 30.000/orang. Ada beberapa satwa yang bisa dilihat disini dan spot untuk berfoto.
Namun kalau boleh menyarankan, sebaiknya bagian bawah kandang kucing seperti dibersihkan",Negatif, , , , , , , 
"Tempat yang sangat bagus untuk anak-anak karena design mini zoo nya yang unik. Sayangnya disini tidak menerima debit atau qris. Jadi, harus bawa uang cash yg cukup banyak untuk tiket masuk Rp 35 ribu dan beli wortel makan kelinci cukup mahal",Negatif, , , , , , , 
"Suasananya enak walau harus panas2an tuk bisa berfoto2 tapi trbayarkan dengan spot foto yang estetika..
Bagus, rekomendasi tuk yang mau prewed disini",Positif, , , , , , , 
"Parkiran cukup luas, kegiatan outbond nya seru, tempatnya instagramable bgt.. foodcourt nya ada meski tidak banyak. Edukasi ttg satwa cukup baik, hanya saja antrian naik kuda agak crowded.. cukup seru disini",Negatif, , , , , , , 
"Lumayan bagus & bersih tempatnya,ada zoo & miniatur bangunan ala2 eropa,jepang & Korea
Tp sayang dilarang bawa masuk makanan dari luar tp  didalem yg jual makanan sdikit",Negatif, , , , , , , 
"Kandang domba dan rusa bau. Wastafel di dekat kandang burung unta tidak nyala, padahal sudah tau ada rombongan anak PAUD 13 bus yang datang hari itu. Disuruh ke toilet bawah untuk cuci tangan. Dalam hati, ngapain repot bikin wastafel dimana-mana kalo aernya aja gak nyala. Dih",Negatif, , , , , , , 
"Bagusss sih banyak spot instagramable. Tapi ya gitu doang aja sihh.

Tempat makannya jg gak byk. Ato belom pada buka? Entah deh.. â€¦",Negatif, , , , , , , 
"semoga owner baca yaa, jujur aku sakit hati bgt liat kucing kucing disini sebagai pecinta hewan apalgi kucing liat kondisinya disini oner bner miris. mereka bner bner kelaparan dan gak terawat, setidaknya kalau emg gmau ngerawat â€¦",Negatif, , , , , , , 
"Satwanya bervariasi, banyak hewan yang biasa sering ditemui keseharian walau tidak selengkap zoo pada umumnya. â€¦",Negatif, , , , , , , 
"Tempatnya bagus, koleksi hewan cukup beragam, untuk pengguna kursi roda jg ada jalurnya cm perlu ditambahin sedikit pohon yg gede soalnya panas banget kalo siang",Netral, , , , , , , 
"Taman, mini zoo dan spot selfie bagi yang hobi foto foto..
Kondisi nya sih sebagian sudah tidak terawat..
Yang baru spot foto foto dengan tema santorini.. â€¦",Negatif, , , , , , , 
"tempatnya bersih, bagus, pilihan warna pada bangunannya jg cantik indah.. ada hewanÂ²nya jg.. cocok untuk anak-anak kecil dan orang dewasa.. tiketnya murah.. hanya 1 harga makanannya agak mahal, tp wajar karna ditempat wisata ğŸ˜‚ â€¦",Negatif, , , , , , , 
"Tmpt wisata segede gini gabisa pembayaran Qris, ga bs transfer.. ATM jauh dr lokasi.. Menyulitkan tamu. Masa kalah sama warung kecil di sekitarnya yg sdh bisa pakai Qris.",Negatif, , , , , , , 
"Ruameee, mayan enak buat jalan2 keluarga, ada hewan2 dan tumbuhan. Yg baguan tumbuhan sepi. Yang paling rame di bagian spot foto warna warni. Jangan siang2 kalo kesini, panas pol ğŸ‘ overall mantap dengan tiket 30rb per orang. â€¦",Netral, , , , , , , 
Sekelas wisata gini ga ada QRIS.. Ga bisa transfer... udah jaman begini masih manual 6a,Negatif, , , , , , , 
"Konsepnya sebenernya cukup oke, ada mini zoo & banyak spot foto hanya saja untuk prokes sangat2 disayangkan ğŸ™‚ barcode peduli lindungi tidak dipakai lagi (dan kebayang ya pengunjung di dalem mau sebanyak apapun tetep diperbolehkan masuk), di â€¦",Negatif, , , , , , , 
"menggabungkan wisata alam (cocok buat anak-anak) dan wisata kekinian (tempat yang instagrammable, cocok buat anak muda foto-foto), walau dirasa 30k (exclude parkir) terlalu mahal ya, karena kalau mau ngasih pakan ke hewan A B C D harus beli â€¦",Negatif, , , , , , , 
Tempatnya bagus.. Instagramable.. Puas.. Rekomended nih buat yang suka photo2x. Tapi untuk makanan minuman terlalu mahal.. Ya wajar aja untuk tempat wisata.,Negatif, , , , , , , 
"Sy cuma kecewa tukang parkiran mobilnya, krn ngatur parkir mepet2 sama sebelah KiKa mobil hingga pintu sulit buka lebar. Pd dsrnya tdk diksh garis marka parkir mobil yg jls dilahan tsb. â€¦",Negatif, , , , , , , 
"Tiket masuk 35.000, tidak untuk lansia karena pakai kursi roda susah",Negatif, , , , , , , 
"- tikett masuk mahall @20rb per orang
- kasie minum kambing bayar lagi
- naik kuda bayarr lagi â€¦",Negatif, , , , , , , 
untuk tiket masuk agak kemahalan ya krn tiket ga bs dituker sama minuman. tp melihat isi nya ada zoo juga kayaknya gapapa deh hitung2 bantu kelola zoo . paling banyak orang2 dateng ke spot santorini. agak rame di spot santorini buat ambil foto dan sedikit antri .,Negatif, , , , , , , 
Tempat overall bagus cuma sayang aja tiketnya overprice si buat saya. Menimbang jarak dan spot yang di tawarkan si so so aja si. Cuma kerasanya kurang worth aja dengan tiket segitu. Mungkin ini yang bikin agak sepiâœŒğŸ½ â€¦,Negatif, , , , , , , 
"Tempatnya lumayan bagus, ada mini zoo nya juga. Toilet bersih dan ramah difabel kursi roda. Minus di parkirnya terlalu mahal (10ribu). Di sisi lain unta nya seperti kurang terawat karena bulunya pada rontok.",Negatif, , , , , , , 
Tempat binatangnya terlihat seperti tidak terawat. Apalagi bagian kucing sangat bau. Lantainya juga kotor. Dan kucing kucingnya terlihat kurus. Beberapa binatang terlihat canting terutama burung â€¦,Negatif, , , , , , , 
"Lumayan bagus untuk anak"" , tapi sudah bayar tiket masuk . Sayang nya Untuk spot foto masih harus bayar lagi .. cocok untuk berwisata keluarga bersama anak""..",Negatif, , , , , , , 
Untuk ke  tiga kali ke sini .. selalu ad perubahan minusnya tidak bisa Qris /debit untungnya pas bawa cash..,Negatif, , , , , , , 
"Bayar tiketnya musti cash ya, @30 000 per orang.

Cocok bawa keluarga bisa mengenal flora dan fauna, kalo kamu demen foto foto ya â€¦",Negatif, , , , , , , 
"Tempatnya keren, meskipun waktu dibagian kandang burung unta terdapat bau tidak sedap dari kotorannya. Kalau bisa kandang burung untanya diberi pembatas, karena saya rasa anak-anak bisa saja masuk kedalamnya atau burung unta melukai pengunjung karena tidak ada penghalang",Negatif, , , , , , , 
"Wisata nya lumayan rapi, parkir luas, pelayanan sangat baik, hewan peliharaannya dak terlalu ramai (lumayan untuk anak-anak mengenal hewan). Hanya saran, kasian kucingnya yang dikamdang karena kandangnya agak kecil...",Negatif, , , , , , , 
"HTM weekday 30.000
Tempat Hewan2 nya kurang terawat usang gitu
Spot foto nya aja keren keren â€¦",Negatif, , , , , , , 
"Tempatnya bagus cocok buat anak"" mengenal hewan tapi sayang bgt harga makanannya agak mahal, masak es teh satu harganya 10k",Negatif, , , , , , , 
"Tiket masuk agak ga jelas, bisa aja ga bayar kalo ada rombongan lain, tiket tidak diperiksa oleh petugas. Bagus buat yang suka foto ala2 di santorini, ada hewan2 juga buat anak-anak",Negatif, , , , , , , 
"Tempatnya bagus, tapi sayangnya ramai yaa di objek fotonya di langlang buana. Perpaduan alam ada satwa dan bangunan langlang buana yang dibangun mirip suasana di luar negeri untuk objek berfoto. Kalau bawa kamera slr kena cas yaa, jadi fotofotonya pakai hape ajaa hehe.",Negatif, , , , , , , 
"Tempat bersih dan banyak spot foto yang luar biasa. Tempat makannya juga nyaman, tidak kehujanan atau kepanasan. Puas banget.",Positif, , , , , , , 
"Wisata alam main kelinci, naik kuda, kasih minum domba, liat kura2 dan reptil, luwak, ada rumah Hobbit dan rumah kuno bagus buat foto....nuansa taman....tiket masuk 20rb/pax.dapat susu segar",Positif, , , , , , , 
"Preferensi wisata buat yang lagi liburan di jogja, aksesnya mudah, HTM 30k per orang, kondisi new normal saat ini setiap pengunjung dibatasi waktu selama satu jam (prosedural). Konsepnya tematik ada garden, mini zoo, exterior ala2 santorini, instagenic banget.",Positif, , , , , , , 
"Cocok buat anak-anak
Banyak pepohonan jd adem
Banyak spot foto â€¦",Positif, , , , , , , 
"Tempat nya sangat instagrammable, banyak spot foto HTM terjangkau karena ada mini zoo nya juga",Positif, , , , , , , 
"Tempatnya bagus, ada beberapa hewan juga yang dipelihara seperti burung, kuda, ular dll. Jadi tempat rekreasi untuk keluarga maupun teman or pasangan. Dan tentu spot fotonya banyak, jadi bisa fotoan sm hewan or di spot foto Santorini (berasa di luar negeri) hihiw",Positif, , , , , , , 
"Tempatnya asri dengan sejuknya udara pegunungan,tempat swapoto yg lumayan bagus dengan nuansa eropa
Tempat makan/resto juga tersedia dan ada kebun binatang mini ,cokok untuk â€¦",Positif, , , , , , , 
"agrowisata bhumi merapi kaliurang cocok buat wisata keluarga, dengan 35ribu anak anak udah bisa bermain dan berinteraksi dengan berbagai macam hewan seperti kucing,burung,iguana,kelinci,dan menunggang kuda,untuk yg dewasa bisa berfoto2 di spot2 seperti bakerstreet,santorini,alpenhouse, disini ada 5 restonyg tersebar diseluruh area",Positif, , , , , , , 
"Harga tiket terjangkau, parkir luas, tempat bersih. koleksi binatangnya mmg tdk banyak krn hanya seperti mini zoo.",Positif, , , , , , , 
"Tiket masuk murah per orang 20.000, dan untuk tiket masuk bisa dtukarkan dengan segelas kecil susu kambing sepertinya,  berhubung saya kesana saat cuaca mendung, jadi enak karena ga panas,  hanya saja karena tanah jadi sedikit becek da. â€¦",Positif, , , , , , , 
"Spot foto banyak, tempat nyaman, pelayanan ramah, area cocok untuk keluarga, harga sangat murah.",Positif, , , , , , , 
"Baru pertama ke sini, acara family gathering. Suka sekali suasananya, area luas, sejuk.. banyak spot foto, mini zoo sangat disukai anak-anak, juga aktivitas kyk main air cari ikan, belajar nanam bibit juga. Petugasnya ramah-ramah banget",Positif, , , , , , , 
"Tempatnya bagus, sejuk, ada mini zoo, dan spot2 foto yang bagus banget. Di area santorini, ternyata dalemnya juga cukup luas yaa.. kita bisa naik ke atas rumah2annya.. lalu ada mini cafe yg jual minuman di area santorini ini.. selain disini ada juga area foodcourt di dekat arah pintu keluar. Staff disini ramah banget sama pengunjung.",Positif, , , , , , , 
"Wisata edukasi cocok buat anak anak , dekat dengan jalan raya.dari area parkir sudah kelihatan hewan kelinci..ada binatang reptil, kucing, burung dll dan spot foto rumah kayu , gubuk Indian , naik kuda tapi bayar ya ,ada lagi  SANTORINI free tiket..",Positif, , , , , , , 
"Tempat wisata yg sejuk udaranya, berada dibawah kaki gunung merapi .
Tempat edukasi untuk anakÂ² , spot foto yg instagramable, cocok untuk liburan akhir pekan bersama keluarga .
Ada minizoo juga .",Positif, , , , , , , 
Tempat wisata viral yg ada di yogya..menawarkan argowisata dg konsep kebun binatang..cocok tuk anak2..untuk pengunjung dewasa juga cocok karena byk spot Instagramable..tiket masuk 30rb per org tuk smua wahana..jgn lupa memberi minum susu kambing ya dg nambah uang 5000 saja..,Positif, , , , , , , 
"baguss bgt tempat wisata lengkap dari kebun binatang sampe spot foto foto di Santorini, keren bgt Santorini buat foto foto, kalo kalian yg suka foto foto wajib ke Santorini di dalemnya bhumi merapi, nuansa kaya di luar negeri, dan aku saranin kesini pas weekday biar bisa foto foto sepuasnya, ga nyesel ke bhumi merapi",Positif, , , , , , , 
"Tempatnya enak buat refreshing, apalagi yg bawa anak kecil. Suka banget liat hewan yg ada disana. Tiket masuknya bisa ditukerin sama segelas susu. Tempat yg paling disuka pastinya di Lang Lang Buana. Lucu bangunannya dan sangat instagramble â€¦",Positif, , , , , , , 
"Tempatnya asyik. Lumayan luas dan Marem bila keliling disini. Hawa udaranya sejuk dan menyegarkan. Konsep agrowisatanya dapet, unsur modern nya juga masuk. Didalam banyak spot-spot replika dari luar negeri yang diboyong disini. Sejauh ini â€¦",Positif, , , , , , , 
Ademm... bagus.. kids friendly... krena hujan jd dibgin bgt.. suasananya enak jg mendung2 gitu.. cuma jd agak licin aja beberapa spot,Netral, , , , , , , 
"Cocok bgt kalo ngajak anak anak k sini
Ada mushola, toilet bersih, airnya dingins
Kalo berkunjung pas hari jumat, g ush khawatir nyari masjid buat sholat jumat. â€¦",Positif, , , , , , , 
"Koleksi hewan mini zoo-nya masih sedikit. Tapi anak-anak saya puas banget main kejar-kejaran dengan linsang.
Area Santorini yang menghadirkan lorong-lorong khas berbagai negara sangat Instagrammable.",Positif, , , , , , , 
"Kosepnya bagus sih buat spot foto, tp mkn kurang terawat di beberapa bagian, yg pingin foto ok banget sebagian areanya, ada beberapa satwa langka, ada minitur kota sabtorini, ada warungnya, tp bagi saya belum sesuai ekspetasi ketika liat di dunia maya",Negatif, , , , , , , 
"Tempatnya stroller friendly meskipun ada beberapa yg jalan yg susah tp cuma sedikit. Ajak anak ke sini cocok.banget karena bisa interaksi sama hewan langsung. Kandang kucingnya kurang bersih.
Kalau mau cari makan berat better di area luar aja",Negatif, , , , , , , 
"Sebetulnya tmptnya bagus, cuma kayanya mulai kurang diminati,,, khusus bagian kandang kucingnya, sebaiknya lebih diperhatikan lg oleh pengurus, krn tercium bau menyengat dr kotorannya,,,",Negatif, , , , , , , 
"Tempatnya kecil (+/- 4 HA) tapi ga ada spot yang tidak bermakna, semuanya berisi tempat tempat yang wonderfull. Harganya murah per masuk 20 rb dan kalo mau nambah spot selfi ala ala Barat nambah 10 rb. Banyak fauna dan flora yang exotif",Negatif, , , , , , , 
"Worth it sih, cuman kalo engga hari Minggu ngga bisa interaksi sama hewan",Negatif, , , , , , , 
"pengunjung dilarang bawa makanan dan minuman dari luar, tp mestinya diimbangi tersedianya minuman segar ya,",Negatif,,,,,,,
"Tempatnya luas dan rindang.cuma minusnya ada bbrp kandang yg kecil dan tdk masuk udara, dan ada bbrp kandang yg sempit dan kna panas.jujur sebgai penyuka dan peconta binatang jdi sedih lihtnya.",Negatif,,,,,,,
Tempat Hewan2 nya kurang terawat usang gitu,Negatif,,,,,,,
"Wahana nya cukup lengkap dan ada mini zoo utk mengenalkan anak pada berbagai jenis hewan..terdapat juga spot foto langlang buana dengan berbagai tema..ada wahana naik kuda, kereta mini dan juga memberi makan hewan..",Netral,,,,,,,
Toilet bersih dan ramah difabel kursi roda. Minus di parkirnya terlalu mahal (10ribu). Di sisi lain unta nya seperti kurang terawat karena bulunya pada rontok.,Negatif,,,,,,,
"Tempat sepi, dan di dalemnya juga kurang menarik. Sepertinya harus dibuat sesuatu yg lebih menarik agar pengunjung lebih ramai yg datang ğŸ™ğŸ» â€¦",Negatif,,,,,,,
"lokasi ini cocok untuk keluarga. Membawa balita, batita, ataupun baby. Cuma pilihan makanannya sedikit. Dan hewannya masih sedikit. Sisanya, â€¦",Negatif,,,,,,,
"Masuk beli tiket 35k, Sayangnya ga bisa bayar pake QRIS, padahal 2024 lho.. â€¦",Negatif,,,,,,,
"Hrga tiket masuk 35k, parkir mobil 10k,, satwa di dalam cuman sedikit dan kurang terawat,, makanan dan minuman over harganya,,tidak worth it lah,,,",Negatif,,,,,,,
"Niat hati pengen ngajarin anak kasih makan kelinci, kambing, rusa. sampe sana jam 16.00 hewanÂ² udah dikandangin, padahal jam tutup 17.00, gabisa kasih makan hewan, tiket lebih mahal + ga dikasih susu kayak dulu lagi. Binatangnya juga kurusÂ² kasian",Negatif,,,,,,,
Salah satu alternatif tempat wisata keluarga di Kaki Merapi. Tempatnya berhawa sejuk dan sangat luas. Anak-anak pasti akan suka. â€¦,Positif, , , , , , , 
"Asik tempatnya untuk ajak anak main di outdoor, ada banyak satwa yang bisa jadi bahan belajar anak. Anak-anak juga bisa naik kuda keliling playground. Selain buat anak juga banyak spot foto untuk ayah bundanya.",Positif, , , , , , , 
Tempat ini pas dimasukkan dalam daftar kunjungan saat liburan ke Yogya. Merupakan salah satu wisata edukasi yang cocok terutama bagi anak anak,Positif, , , , , , , 
Salah satu objek wisata yg family bgt. Buat foto aja sih bagusnya. Mungkin agak lebih cepat bosen ya. Karena gitu gitu aja,Negatif, , , , , , , 
